i,took_ms,e2e_ms,tries,counter_max,expected_tries,alg,redeem_status
0,76,89.7,79,512,256.5,pbkdf2-sha256,200
1,343.9,357.1,424,512,256.5,pbkdf2-sha256,200
2,332.3,347.2,412,512,256.5,pbkdf2-sha256,200
3,106,120.7,118,512,256.5,pbkdf2-sha256,200
4,269.7,282.3,316,512,256.5,pbkdf2-sha256,200
5,258.2,270.9,296,512,256.5,pbkdf2-sha256,200
6,325,339.1,394,512,256.5,pbkdf2-sha256,200
7,138,151.8,160,512,256.5,pbkdf2-sha256,200
8,157.9,171.3,193,512,256.5,pbkdf2-sha256,200
9,300,315,266,512,256.5,pbkdf2-sha256,200
10,390.3,404.3,354,512,256.5,pbkdf2-sha256,200
11,418.2,432.4,378,512,256.5,pbkdf2-sha256,200
12,131.5,147.9,158,512,256.5,pbkdf2-sha256,200
13,424,436.2,465,512,256.5,pbkdf2-sha256,200
14,360,372.5,454,512,256.5,pbkdf2-sha256,200
15,37.4,49.5,32,512,256.5,pbkdf2-sha256,200
16,102.8,115.4,120,512,256.5,pbkdf2-sha256,200
17,39.4,51.9,36,512,256.5,pbkdf2-sha256,200
18,324.2,336.4,402,512,256.5,pbkdf2-sha256,200
19,400.6,413.6,488,512,256.5,pbkdf2-sha256,200
20,307.6,320.7,379,512,256.5,pbkdf2-sha256,200
21,69.1,81.7,67,512,256.5,pbkdf2-sha256,200
22,400.8,412.3,498,512,256.5,pbkdf2-sha256,200
23,282.4,295.5,354,512,256.5,pbkdf2-sha256,200
24,320.7,334.1,397,512,256.5,pbkdf2-sha256,200
25,290.1,303.9,343,512,256.5,pbkdf2-sha256,200
26,355.2,367.5,446,512,256.5,pbkdf2-sha256,200
27,83.3,95.8,92,512,256.5,pbkdf2-sha256,200
28,101.5,114.4,118,512,256.5,pbkdf2-sha256,200
29,158.7,171.2,193,512,256.5,pbkdf2-sha256,200
30,165.5,179,205,512,256.5,pbkdf2-sha256,200
31,279.7,293.1,317,512,256.5,pbkdf2-sha256,200
32,193.7,206.8,224,512,256.5,pbkdf2-sha256,200
33,86.5,99.3,97,512,256.5,pbkdf2-sha256,200
34,320.3,332.7,393,512,256.5,pbkdf2-sha256,200
35,404,417.7,491,512,256.5,pbkdf2-sha256,200
36,208,221.1,251,512,256.5,pbkdf2-sha256,200
37,94.9,107.8,106,512,256.5,pbkdf2-sha256,200
38,253.7,267.8,307,512,256.5,pbkdf2-sha256,200
39,355.2,367.8,432,512,256.5,pbkdf2-sha256,200
40,12.6,24.2,5,512,256.5,pbkdf2-sha256,200
41,254,265.9,302,512,256.5,pbkdf2-sha256,200
42,214.7,228.3,187,512,256.5,pbkdf2-sha256,200
43,294.7,309.3,358,512,256.5,pbkdf2-sha256,200
44,90.1,103.1,100,512,256.5,pbkdf2-sha256,200
45,35.4,48.2,37,512,256.5,pbkdf2-sha256,200
46,141.3,154.2,162,512,256.5,pbkdf2-sha256,200
47,399.4,411.8,498,512,256.5,pbkdf2-sha256,200
48,249.2,262.5,306,512,256.5,pbkdf2-sha256,200
49,426.2,440.3,384,512,256.5,pbkdf2-sha256,200
50,43.3,56.3,45,512,256.5,pbkdf2-sha256,200
51,127.4,141.3,134,512,256.5,pbkdf2-sha256,200
52,239,252.1,289,512,256.5,pbkdf2-sha256,200
53,248.5,262.6,309,512,256.5,pbkdf2-sha256,200
54,62.7,76.5,73,512,256.5,pbkdf2-sha256,200
55,81.2,94.2,90,512,256.5,pbkdf2-sha256,200
56,168.8,181.4,205,512,256.5,pbkdf2-sha256,200
57,95.3,110.2,113,512,256.5,pbkdf2-sha256,200
58,41.5,55.3,45,512,256.5,pbkdf2-sha256,200
59,315.6,330.4,395,512,256.5,pbkdf2-sha256,200
60,247.4,260.9,291,512,256.5,pbkdf2-sha256,200
61,220.6,234.7,251,512,256.5,pbkdf2-sha256,200
62,165.9,177.6,167,512,256.5,pbkdf2-sha256,200
63,160.6,176.2,194,512,256.5,pbkdf2-sha256,200
64,300.5,314.2,372,512,256.5,pbkdf2-sha256,200
65,201.8,214,242,512,256.5,pbkdf2-sha256,200
66,310.4,323.1,371,512,256.5,pbkdf2-sha256,200
67,196.7,210.9,238,512,256.5,pbkdf2-sha256,200
68,93.2,106.3,102,512,256.5,pbkdf2-sha256,200
69,36.4,49,37,512,256.5,pbkdf2-sha256,200
70,337.4,351.2,401,512,256.5,pbkdf2-sha256,200
71,404.2,416.8,492,512,256.5,pbkdf2-sha256,200
72,130.8,143.4,152,512,256.5,pbkdf2-sha256,200
73,341,354.2,425,512,256.5,pbkdf2-sha256,200
74,93.8,106.6,104,512,256.5,pbkdf2-sha256,200
75,187.2,199.4,224,512,256.5,pbkdf2-sha256,200
76,37.7,50.2,38,512,256.5,pbkdf2-sha256,200
77,307.9,322,389,512,256.5,pbkdf2-sha256,200
78,356.3,369,439,512,256.5,pbkdf2-sha256,200
79,336.5,349.1,426,512,256.5,pbkdf2-sha256,200
80,50.9,64.7,45,512,256.5,pbkdf2-sha256,200
81,74.2,86.7,81,512,256.5,pbkdf2-sha256,200
82,50.4,63.7,54,512,256.5,pbkdf2-sha256,200
83,197.6,211.3,227,512,256.5,pbkdf2-sha256,200
84,151.2,163.8,175,512,256.5,pbkdf2-sha256,200
85,145.7,158.3,167,512,256.5,pbkdf2-sha256,200
86,388.8,401.4,475,512,256.5,pbkdf2-sha256,200
87,274.2,287.5,329,512,256.5,pbkdf2-sha256,200
88,362,375.6,442,512,256.5,pbkdf2-sha256,200
89,156.9,170.6,185,512,256.5,pbkdf2-sha256,200
90,333.5,345.6,407,512,256.5,pbkdf2-sha256,200
91,136.4,148.7,160,512,256.5,pbkdf2-sha256,200
92,246.7,259.5,305,512,256.5,pbkdf2-sha256,200
93,383.4,396.9,493,512,256.5,pbkdf2-sha256,200
94,373.9,386.2,467,512,256.5,pbkdf2-sha256,200
95,397.8,410.6,503,512,256.5,pbkdf2-sha256,200
96,309.4,323,386,512,256.5,pbkdf2-sha256,200
97,95.7,108.8,102,512,256.5,pbkdf2-sha256,200
98,208.5,223,197,512,256.5,pbkdf2-sha256,200
99,407.4,423.2,445,512,256.5,pbkdf2-sha256,200
100,23.8,37.6,14,512,256.5,pbkdf2-sha256,200
101,118,130.9,124,512,256.5,pbkdf2-sha256,200
102,334.4,347.6,417,512,256.5,pbkdf2-sha256,200
103,178.7,192.5,212,512,256.5,pbkdf2-sha256,200
104,312.8,325.1,387,512,256.5,pbkdf2-sha256,200
105,487.8,501.5,443,512,256.5,pbkdf2-sha256,200
106,79.2,94.4,88,512,256.5,pbkdf2-sha256,200
107,92.6,105.7,98,512,256.5,pbkdf2-sha256,200
108,348,359.5,438,512,256.5,pbkdf2-sha256,200
109,128.6,140.4,146,512,256.5,pbkdf2-sha256,200
110,115.4,127.3,132,512,256.5,pbkdf2-sha256,200
111,60.9,72.9,65,512,256.5,pbkdf2-sha256,200
112,98.4,111.5,112,512,256.5,pbkdf2-sha256,200
113,262.7,275.6,326,512,256.5,pbkdf2-sha256,200
114,42.7,54.6,45,512,256.5,pbkdf2-sha256,200
115,320.8,333.9,387,512,256.5,pbkdf2-sha256,200
116,156.7,170.2,186,512,256.5,pbkdf2-sha256,200
117,407.5,421.5,491,512,256.5,pbkdf2-sha256,200
118,365.3,378.2,464,512,256.5,pbkdf2-sha256,200
119,88.8,100.6,94,512,256.5,pbkdf2-sha256,200
120,292.4,305.6,363,512,256.5,pbkdf2-sha256,200
121,54.4,66.4,56,512,256.5,pbkdf2-sha256,200
122,398.1,410.7,509,512,256.5,pbkdf2-sha256,200
123,166.5,179,195,512,256.5,pbkdf2-sha256,200
124,102.2,115.5,118,512,256.5,pbkdf2-sha256,200
125,23.7,35.6,15,512,256.5,pbkdf2-sha256,200
126,105.2,118.9,121,512,256.5,pbkdf2-sha256,200
127,103.1,116.4,114,512,256.5,pbkdf2-sha256,200
128,178.4,192.7,192,512,256.5,pbkdf2-sha256,200
129,151.2,164,179,512,256.5,pbkdf2-sha256,200
130,369.2,389.2,458,512,256.5,pbkdf2-sha256,200
131,352.3,369.2,426,512,256.5,pbkdf2-sha256,200
132,101.1,114.9,110,512,256.5,pbkdf2-sha256,200
133,358.6,372,442,512,256.5,pbkdf2-sha256,200
134,123.2,136,145,512,256.5,pbkdf2-sha256,200
135,143.6,156.4,177,512,256.5,pbkdf2-sha256,200
136,67.1,79.2,68,512,256.5,pbkdf2-sha256,200
137,83.1,94.2,67,512,256.5,pbkdf2-sha256,200
138,369.5,382.8,460,512,256.5,pbkdf2-sha256,200
139,321.7,336.4,391,512,256.5,pbkdf2-sha256,200
140,214.3,227.7,258,512,256.5,pbkdf2-sha256,200
141,51.1,63.8,51,512,256.5,pbkdf2-sha256,200
142,174.5,187,205,512,256.5,pbkdf2-sha256,200
143,361.6,374,432,512,256.5,pbkdf2-sha256,200
144,153.8,169.4,179,512,256.5,pbkdf2-sha256,200
145,321.9,334.7,391,512,256.5,pbkdf2-sha256,200
146,58.7,72.9,55,512,256.5,pbkdf2-sha256,200
147,377.7,390.8,466,512,256.5,pbkdf2-sha256,200
148,293.8,305.8,362,512,256.5,pbkdf2-sha256,200
149,329.5,342.1,411,512,256.5,pbkdf2-sha256,200
150,185.4,198.5,225,512,256.5,pbkdf2-sha256,200
151,357.1,370.8,442,512,256.5,pbkdf2-sha256,200
152,171.5,184.9,196,512,256.5,pbkdf2-sha256,200
153,410.2,424,435,512,256.5,pbkdf2-sha256,200
154,33.9,47,29,512,256.5,pbkdf2-sha256,200
155,189.3,202,233,512,256.5,pbkdf2-sha256,200
156,230.3,246,276,512,256.5,pbkdf2-sha256,200
157,286.9,299.7,354,512,256.5,pbkdf2-sha256,200
158,65,77.9,59,512,256.5,pbkdf2-sha256,200
159,298.4,311.5,364,512,256.5,pbkdf2-sha256,200
160,29.5,41.6,22,512,256.5,pbkdf2-sha256,200
161,110,122.4,126,512,256.5,pbkdf2-sha256,200
162,113.7,126.7,131,512,256.5,pbkdf2-sha256,200
163,434.8,447.7,510,512,256.5,pbkdf2-sha256,200
164,241.9,254.8,292,512,256.5,pbkdf2-sha256,200
165,164.4,177.3,195,512,256.5,pbkdf2-sha256,200
166,107.7,120.5,126,512,256.5,pbkdf2-sha256,200
167,352,366.6,432,512,256.5,pbkdf2-sha256,200
168,389.9,403.3,488,512,256.5,pbkdf2-sha256,200
169,260.5,272.5,229,512,256.5,pbkdf2-sha256,200
170,149.2,167.5,172,512,256.5,pbkdf2-sha256,200
171,371,384.1,452,512,256.5,pbkdf2-sha256,200
172,42.7,55.3,40,512,256.5,pbkdf2-sha256,200
173,347.6,361.1,309,512,256.5,pbkdf2-sha256,200
174,316.3,329.7,283,512,256.5,pbkdf2-sha256,200
175,179.3,193.3,213,512,256.5,pbkdf2-sha256,200
176,369.5,383.2,458,512,256.5,pbkdf2-sha256,200
177,204.8,217.3,254,512,256.5,pbkdf2-sha256,200
178,66.4,79.4,70,512,256.5,pbkdf2-sha256,200
179,298.2,310.8,311,512,256.5,pbkdf2-sha256,200
180,168.1,181.3,195,512,256.5,pbkdf2-sha256,200
181,420.3,433.7,421,512,256.5,pbkdf2-sha256,200
182,128.2,141.8,149,512,256.5,pbkdf2-sha256,200
183,256.2,269.2,325,512,256.5,pbkdf2-sha256,200
184,222.7,234.7,271,512,256.5,pbkdf2-sha256,200
185,144.6,157.4,177,512,256.5,pbkdf2-sha256,200
186,265.2,278.6,333,512,256.5,pbkdf2-sha256,200
187,92.1,105,100,512,256.5,pbkdf2-sha256,200
188,340,353.4,433,512,256.5,pbkdf2-sha256,200
189,60.4,73.1,63,512,256.5,pbkdf2-sha256,200
190,223.4,235.4,281,512,256.5,pbkdf2-sha256,200
191,297.5,310,311,512,256.5,pbkdf2-sha256,200
192,157.2,170.7,193,512,256.5,pbkdf2-sha256,200
193,382.3,394.5,482,512,256.5,pbkdf2-sha256,200
194,302.6,318.1,358,512,256.5,pbkdf2-sha256,200
195,308.1,321.9,366,512,256.5,pbkdf2-sha256,200
196,243.5,256.8,297,512,256.5,pbkdf2-sha256,200
197,162.9,174.5,188,512,256.5,pbkdf2-sha256,200
198,285.2,298.4,348,512,256.5,pbkdf2-sha256,200
199,514.5,526.4,463,512,256.5,pbkdf2-sha256,200
200,155.1,168.7,183,512,256.5,pbkdf2-sha256,200
201,388.5,400.4,483,512,256.5,pbkdf2-sha256,200
202,307.1,319.7,385,512,256.5,pbkdf2-sha256,200
203,58,72.1,58,512,256.5,pbkdf2-sha256,200
204,159.3,172.4,191,512,256.5,pbkdf2-sha256,200
205,21.2,32.7,17,512,256.5,pbkdf2-sha256,200
206,92,104.1,105,512,256.5,pbkdf2-sha256,200
207,70.7,85,75,512,256.5,pbkdf2-sha256,200
208,247,259.8,296,512,256.5,pbkdf2-sha256,200
209,236.5,249,279,512,256.5,pbkdf2-sha256,200
